"Taxa","Maturity","Height","TW","Protein","Yield","Year"
"SW18024-3-2",0.101886144050146,-1.12227292549774,0.525617662801874,0.0348098591519358,0.362158459332279,2022
"SW18008-2-1",-0.334052931311972,0.0470413801106835,-1.08256950221396,-0.6432030691059,-3.61491185066913,2022
"CLHF16002-7R2-1-2",1.84564244549862,-0.342730055092126,-3.51446228833546,1.66204088697074,-3.60412803746414,2022
"CLHF16002-1R5-1-2",-0.334052931311972,-0.342730055092126,-2.18084366368819,0.712822787409772,-2.79318528444867,2022
"SW18015-8-2",-0.769992006674089,-1.12227292549774,-0.84722503904091,-0.778805654757467,-2.57750902034881,2022
"SW18011-20-2",2.28158152086073,-0.732501490294935,-4.02437529187707,3.42487450044111,-2.56672520714382,2022
"CL18033-1-1",3.15345967158497,0.826584250516302,-1.86705104612412,2.74686157218328,-2.50849261583685,2022
"SW18014-3-2",0.537825219412263,1.21635568571911,-2.61230851283878,1.93324605827388,-2.41143829699192,2022
"SW18012-3-4",2.28158152086073,-1.12227292549774,-1.47481027416904,0.712822787409772,-2.24536757363502,2022
"CL18015-8-2",2.28158152086073,-1.12227292549774,-1.12179357940947,1.93324605827388,-2.21517289666104,2022
"SW18038-4-2",1.4097033701365,-0.732501490294935,-2.69075666722979,1.79764347262231,-2.18713498232806,2022
"CL18008-6-2",3.15345967158497,0.436812815313493,-0.84722503904091,2.20445122957701,-2.1267456283801,2022
"SW18033-8-2",0.973764294774381,0.826584250516302,-1.31791396538701,2.47565640088015,-2.1267456283801,2022
"CLHF16004-4R9-1-2",0.973764294774381,1.21635568571911,-2.80842889881632,0.984027958712905,-2.10733476461111,2022
"CLHF16002-7R4-2-1",2.28158152086073,0.436812815313493,-1.67093066014658,1.25523313001604,-2.09870771404712,2022
"SW18005-2-4",1.84564244549862,0.0470413801106835,-2.88687705320733,2.47565640088015,-2.04910217330415,2022
"CLHF16004-5R3-1-4",1.84564244549862,-1.90181579590336,-1.20024173380048,2.61125898653171,-1.9714587182282,2022
"SW18020-2-2",0.973764294774381,-0.342730055092126,-2.33773997247022,-0.100792726499631,-1.9714587182282,2022
"CL18035-8-3",0.101886144050146,0.826584250516302,-0.925673193431925,1.11963054436447,-1.96067490502321,2022
"CLHF16004-6R3-3-3",1.84564244549862,-1.12227292549774,-3.78903082870402,1.52643830131917,-1.93263699069023,2022
"SW18037-2-2",-0.334052931311972,1.21635568571911,-1.39636211977802,2.06884864392544,-1.93263699069023,2022
"SW18037-5-2",-0.334052931311972,0.436812815313493,-2.33773997247022,0.848425373061338,-1.92185317748523,2022
"SW18011-2-4",2.71752059622285,-0.342730055092126,-1.7886028917331,0.984027958712905,-1.91322612692124,2022
"SW18031-3-1",0.101886144050146,0.826584250516302,-0.454984267085829,1.25523313001604,-1.90244231371625,2022
"SW18043-3-2",-1.20593108203621,0.436812815313493,-1.39636211977802,-0.236395312151198,-1.87224763674227,2022
"SW18046-5-3",-0.769992006674089,0.826584250516302,-1.12179357940947,0.848425373061338,-1.87224763674227,2022
"SW18029-2-4",-0.769992006674089,3.55498429693597,-1.16101765660497,1.52643830131917,-1.86362058617827,2022
"CL18034-9-3",-0.334052931311972,-0.732501490294935,-0.258863881108288,0.441617616106638,-1.84420972240929,2022
"CL18019-2-2",-0.334052931311972,0.826584250516302,-1.08256950221396,1.79764347262231,-1.81401504543531,2022
"SW18010-3-2",-0.334052931311972,-0.732501490294935,-0.808000961845401,-1.4568185830153,-1.81401504543531,2022
"CL18024-2-2",0.537825219412263,1.99589855612473,-1.7493788145376,0.306015030455069,-1.79460418166632,2022
"SW18047-2-4",-0.769992006674089,0.436812815313493,-0.84722503904091,0.984027958712905,-1.78597713110232,2022
"SW18024-14-2",1.4097033701365,0.436812815313493,-1.39636211977802,-0.100792726499631,-1.73637159035936,2022
"CL18001-3-2",-0.769992006674089,-1.51204436070055,-0.0627434951307476,-1.32121599736374,-1.72558777715436,2022
"CL18023-2-3",2.71752059622285,2.38566999132754,-1.08256950221396,2.06884864392544,-1.69754986282138,2022
"SW18010-12-1",-0.334052931311972,-0.732501490294935,-1.23946581099599,1.39083571566761,-1.67813899905239,2022
"SW18051-7-2",-0.769992006674089,0.0470413801106835,-2.53386035844776,1.79764347262231,-1.65872813528341,2022
"SW18053-4-4",1.4097033701365,1.60612712092192,-0.886449116236416,0.984027958712905,-1.64794432207841,2022
"SW18006-7-2",1.84564244549862,0.436812815313493,-0.925673193431925,1.66204088697074,-1.60912259454044,2022
"CLHF16002-6R4-1-2",-0.769992006674089,-1.51204436070055,0.721738048779415,2.88246415783485,-1.57892791756646,2022
"SW18009-23-1",-0.334052931311972,-0.342730055092126,-0.298087958303794,0.306015030455069,-1.57892791756646,2022
"SW18009-5-1",-0.334052931311972,0.436812815313493,-0.925673193431925,1.11963054436447,-1.57892791756646,2022
"SW18035-4-1",-0.334052931311972,-0.732501490294935,-1.39636211977802,-0.507600483454333,-1.55089000323348,2022
"SW18006-9-3",0.537825219412263,-0.342730055092126,-0.84722503904091,0.984027958712905,-1.5206953262595,2022
"SW18037-7-1",0.537825219412263,-1.12227292549774,-1.71015473734209,0.984027958712905,-1.47108978551653,2022
"CL18022-14-3",2.28158152086073,1.21635568571911,-0.494208344281335,2.20445122957701,-1.46246273495253,2022
"CL18002-1-3",1.84564244549862,-0.732501490294935,0.486393585606368,0.441617616106638,-1.45167892174754,2022
"SW18006-11-3",-0.334052931311972,-0.342730055092126,-0.964897270627433,1.39083571566761,-1.43226805797855,2022
"CLHF16002-7R2-3-3",-0.334052931311972,-0.732501490294935,-0.494208344281335,0.306015030455069,-1.41285719420957,2022
"SW18048-4-3",-0.769992006674089,0.0470413801106835,-0.690328730258875,0.441617616106638,-1.40423014364557,2022
"CLHF16002-10R4-1-4",-0.769992006674089,-0.732501490294935,0.6432898943884,0.170412444803502,-1.39344633044058,2022
"SW18018-3-2",0.101886144050146,0.0470413801106835,-1.98472327771064,-0.371997897802767,-1.37403546667159,2022
"SW18039-6-2",-0.334052931311972,-1.12227292549774,-0.41576018989032,1.39083571566761,-1.37403546667159,2022
"SW18055-2-4",1.84564244549862,0.436812815313493,-1.35713804258251,1.79764347262231,-1.33521373913362,2022
"SW18032-3-4",1.4097033701365,-1.51204436070055,-1.98472327771064,-1.18561341171217,-1.30501906215964,2022
"CL18026-5-2",2.71752059622285,-0.342730055092126,-0.494208344281335,-1.32121599736374,-1.29639201159564,2022
"SW18001-7-2",0.101886144050146,1.21635568571911,-2.10239550929717,-1.0500108260606,-1.29639201159564,2022
"SW18009-9-1",0.101886144050146,-0.342730055092126,-0.0627434951307476,-0.100792726499631,-1.29639201159564,2022
"SW18024-15-2",0.101886144050146,-0.732501490294935,-1.39636211977802,0.848425373061338,-1.29639201159564,2022
"SW18045-10-1",-0.334052931311972,-1.51204436070055,1.07475474353899,-0.6432030691059,-1.29639201159564,2022
"SW18009-4-2",-0.334052931311972,-0.342730055092126,-0.41576018989032,0.170412444803502,-1.28560819839065,2022
"SW18031-2-2",0.101886144050146,-0.342730055092126,0.0941528136512871,-0.100792726499631,-1.25757028405767,2022
"CLHF16004-4R3-2-2",-0.334052931311972,0.0470413801106835,-1.04334542501845,-1.32121599736374,-1.22737560708369,2022
"SW18033-16-2",1.4097033701365,-0.342730055092126,-1.94549920051514,0.170412444803502,-1.2079647433147,2022
"SW18051-6-2",-1.20593108203621,0.0470413801106835,-0.84722503904091,0.170412444803502,-1.2079647433147,2022
"SW18050-5-4",-0.334052931311972,-1.12227292549774,-0.337312035499303,0.441617616106638,-1.17777006634072,2022
"SW18011-9-2",0.101886144050146,-0.732501490294935,-0.21963980391278,1.39083571566761,-1.16914301577672,2022
"SW18051-4-3",-1.20593108203621,-0.342730055092126,-0.84722503904091,0.848425373061338,-1.14973215200774,2022
"CLHF16004-3R7-2-2",-1.20593108203621,-1.12227292549774,0.525617662801874,-0.100792726499631,-1.13032128823875,2022
"SW18006-4-2",1.84564244549862,1.21635568571911,-0.258863881108288,1.25523313001604,-1.13032128823875,2022
"CLHF16002-6R5-1-3",-1.20593108203621,-0.342730055092126,0.800186203170432,1.39083571566761,-1.11953747503376,2022
"SW18002-2-2",2.28158152086073,0.436812815313493,-0.0235194179352389,0.170412444803502,-1.11953747503376,2022
"CL18005-1-3",-0.334052931311972,-1.51204436070055,1.42777143829856,0.848425373061338,-1.10012661126477,2022
"CL18016-10-4",-0.334052931311972,-3.07113010151179,-0.84722503904091,0.306015030455069,-1.10012661126477,2022
"CL18036-3-3",-0.769992006674089,0.436812815313493,0.839410280365941,0.306015030455069,-1.10012661126477,2022
"SW18009-18-1",-0.334052931311972,-0.732501490294935,-1.86705104612412,0.848425373061338,-1.0613048837268,2022
"SW18038-9-1",-0.334052931311972,-0.342730055092126,-1.51403435136455,1.25523313001604,-1.04189401995781,2022
"CL18024-9-1",0.537825219412263,0.436812815313493,-1.39636211977802,0.170412444803502,-1.03111020675281,2022
"SW18005-11-3",0.101886144050146,1.21635568571911,-2.57308443564327,-0.100792726499631,-1.03111020675281,2022
"CLHF16002-6R1-1-1",-0.769992006674089,-0.342730055092126,1.31009920671204,1.79764347262231,-0.99228847921484,2022
"CL18008-4-3",1.84564244549862,-0.342730055092126,-0.611880575867861,-0.371997897802767,-0.972877615445852,2022
"CLHF16002-6R6-1-2",-0.769992006674089,-1.12227292549774,0.44716950841086,2.06884864392544,-0.972877615445852,2022
"CLHF16002-7R2-2-3",-0.769992006674089,-0.732501490294935,-0.84722503904091,-0.507600483454333,-0.972877615445852,2022
"CLHF16004-4R5-2-1",0.101886144050146,0.0470413801106835,-0.964897270627433,0.577220201758205,-0.972877615445852,2022
"CLHF16004-5R10-1-2",0.973764294774381,-2.29158723110617,-1.51403435136455,0.441617616106638,-0.972877615445852,2022
"CL18016-1-2",2.28158152086073,1.60612712092192,-0.964897270627433,0.712822787409772,-0.964250564881858,2022
"CLHF16002-1R3-1-3",-0.769992006674089,-1.12227292549774,0.407945431215351,-0.371997897802767,-0.964250564881858,2022
"SW18008-15-1",0.537825219412263,1.60612712092192,-1.94549920051514,-0.371997897802767,-0.964250564881858,2022
"SW18009-19-1",0.101886144050146,-0.732501490294935,-0.690328730258875,0.306015030455069,-0.964250564881858,2022
"SW18043-1-2",-0.769992006674089,0.436812815313493,-0.651104653063369,0.441617616106638,-0.964250564881858,2022
"SW18017-12-3",-0.769992006674089,-0.732501490294935,-1.51403435136455,0.441617616106638,-0.953466751676865,2022
"CLHF16004-6R4-2-2",1.84564244549862,-1.51204436070055,-1.35713804258251,-0.100792726499631,-0.942682938471872,2022
"SW18033-11-1",0.973764294774381,0.436812815313493,-0.298087958303794,1.79764347262231,-0.942682938471872,2022
"SW18011-13-2",-0.334052931311972,-0.342730055092126,-0.376536112694811,0.441617616106638,-0.934055887907878,2022
"CL18033-5-3",-0.334052931311972,1.60612712092192,-0.141191649521762,2.74686157218328,-0.895234160369902,2022
"CLHF16002-1R5-2-4",-0.334052931311972,-0.342730055092126,-0.964897270627433,0.0348098591519358,-0.895234160369902,2022
"SW18020-3-4",0.101886144050146,-1.12227292549774,-1.23946581099599,0.0348098591519358,-0.895234160369902,2022
"SW18010-11-1",0.101886144050146,0.0470413801106835,-1.63170658295107,-0.100792726499631,-0.875823296600915,2022
"CL18027-6-3",2.28158152086073,-0.732501490294935,0.251049122433319,-0.778805654757467,-0.865039483395923,2022
"SW18016-9-3",-0.769992006674089,-0.732501490294935,-1.39636211977802,-0.914408240409033,-0.865039483395923,2022
"CL18013-5-4",2.28158152086073,-1.51204436070055,-1.43558619697353,0.848425373061338,-0.856412432831928,2022
"SW18048-2-1",-0.334052931311972,0.826584250516302,-0.0235194179352389,0.441617616106638,-0.856412432831928,2022
"CL18033-9-4",-0.334052931311972,1.99589855612473,-0.690328730258875,0.577220201758205,-0.845628619626935,2022
"SW18019-9-2",0.973764294774381,-0.342730055092126,-3.00454928479386,0.0348098591519358,-0.83700156906294,2022
"SW18048-1-3",-0.769992006674089,0.436812815313493,0.996306589147973,0.441617616106638,-0.83700156906294,2022
"CL18008-3-2",-0.334052931311972,-0.342730055092126,0.407945431215351,-0.6432030691059,-0.826217755857948,2022
"CL18008-8-2",2.28158152086073,0.0470413801106835,-0.101967572326254,-1.0500108260606,-0.826217755857948,2022
"SW18014-1-2",0.537825219412263,1.21635568571911,-1.43558619697353,1.25523313001604,-0.815433942652955,2022
"SW18038-1-3",-0.334052931311972,0.436812815313493,-1.12179357940947,0.848425373061338,-0.787396028319973,2022
"CL18020-6-2",-0.334052931311972,0.436812815313493,0.407945431215351,1.66204088697074,-0.77661221511498,2022
"CL18029-7-2",0.537825219412263,1.99589855612473,-0.454984267085829,0.984027958712905,-0.767985164550985,2022
"CL18035-5-2",-0.334052931311972,0.826584250516302,-0.298087958303794,1.11963054436447,-0.767985164550985,2022
"SW18016-3-2",-0.769992006674089,-0.732501490294935,-1.08256950221396,0.712822787409772,-0.767985164550985,2022
"CL18016-9-2",2.28158152086073,-0.732501490294935,-0.180415726717271,1.25523313001604,-0.757201351345993,2022
"CL18029-3-2",0.537825219412263,0.826584250516302,0.682513971583909,0.170412444803502,-0.757201351345993,2022
"SW18012-13-1",0.537825219412263,0.436812815313493,-0.258863881108288,0.984027958712905,-0.757201351345993,2022
"SW18034-2-1",0.537825219412263,1.99589855612473,-0.690328730258875,-0.236395312151198,-0.748574300781998,2022
"CL18022-13-1",1.84564244549862,1.99589855612473,0.44716950841086,1.25523313001604,-0.72916343701301,2022
"SW18045-8-2",0.101886144050146,0.436812815313493,-0.808000961845401,-1.59242116866687,-0.72916343701301,2022
"CL18013-6-2",2.28158152086073,-0.732501490294935,0.878634357561449,2.34005381522858,-0.718379623808018,2022
"SW18005-10-4",0.101886144050146,1.21635568571911,-1.90627512331963,0.441617616106638,-0.709752573244023,2022
"SW18008-17-1",-0.334052931311972,0.436812815313493,1.31009920671204,-0.6432030691059,-0.709752573244023,2022
"CL18027-1-4",2.71752059622285,0.0470413801106835,-0.690328730258875,-0.778805654757467,-0.679557896270043,2022
"CLHF16004-6R6-1-1",-0.334052931311972,-0.342730055092126,-1.90627512331963,0.984027958712905,-0.679557896270043,2022
"SW18001-10-3",-0.334052931311972,1.21635568571911,-0.572656498672352,-0.100792726499631,-0.679557896270043,2022
"CL18005-10-2",0.973764294774381,-1.12227292549774,0.407945431215351,-1.0500108260606,-0.660147032501055,2022
"CL18021-6-2",-0.769992006674089,-0.342730055092126,-0.376536112694811,1.25523313001604,-0.660147032501055,2022
"SW18009-10-2",-0.769992006674089,-1.12227292549774,-0.0627434951307476,0.441617616106638,-0.649363219296063,2022
"CL18014-7-1",0.537825219412263,-1.90181579590336,-0.611880575867861,0.984027958712905,-0.629952355527076,2022
"CL18028-8-2",-0.334052931311972,0.436812815313493,0.21182504523781,0.0348098591519358,-0.629952355527076,2022
"SW18045-11-2",-0.769992006674089,-0.732501490294935,1.23165105232102,-1.59242116866687,-0.629952355527076,2022
"CL18003-7-3",-0.334052931311972,-0.732501490294935,-0.494208344281335,-1.18561341171217,-0.621325304963081,2022
"CL18025-8-2",0.973764294774381,-1.51204436070055,0.133376890846793,-0.914408240409033,-0.621325304963081,2022
"SW18011-6-4",-0.769992006674089,-0.732501490294935,-0.572656498672352,0.441617616106638,-0.621325304963081,2022
"SW18048-5-2",-0.334052931311972,0.826584250516302,-0.572656498672352,1.25523313001604,-0.621325304963081,2022
"SW18007-9-1",1.84564244549862,0.826584250516302,-0.611880575867861,-0.236395312151198,-0.610541491758088,2022
"SW18006-8-3",0.101886144050146,0.436812815313493,-1.00412134782294,1.52643830131917,-0.601914441194093,2022
"SW18014-4-1",1.4097033701365,1.60612712092192,-0.690328730258875,1.66204088697074,-0.601914441194093,2022
"SW18015-3-3",-0.769992006674089,1.60612712092192,-2.2592918180792,-0.914408240409033,-0.601914441194093,2022
"CL18021-3-2",1.4097033701365,0.436812815313493,-0.886449116236416,1.39083571566761,-0.591130627989101,2022
"CLHF16004-4R5-1-3",-0.334052931311972,-0.732501490294935,0.0941528136512871,-1.4568185830153,-0.571719764220113,2022
"SW18013-3-1",-1.20593108203621,-0.732501490294935,-0.180415726717271,-1.4568185830153,-0.571719764220113,2022
"SW18033-9-2",0.973764294774381,1.60612712092192,-0.141191649521762,0.984027958712905,-0.571719764220113,2022
"SW18008-7-1",-0.334052931311972,0.0470413801106835,-0.298087958303794,-0.236395312151198,-0.563092713656119,2022
"SW18035-7-3",-0.334052931311972,0.0470413801106835,-0.690328730258875,0.0348098591519358,-0.563092713656119,2022
"SW18015-12-2",0.101886144050146,0.826584250516302,-2.06317143210166,0.0348098591519358,-0.541525087246133,2022
"SW18006-3-3",0.101886144050146,0.826584250516302,-0.0235194179352389,0.848425373061338,-0.532898036682138,2022
"SW18001-8-2",-0.769992006674089,0.436812815313493,0.0941528136512871,-0.371997897802767,-0.522114223477146,2022
"SW18043-2-3",-0.769992006674089,-0.342730055092126,-0.337312035499303,-0.100792726499631,-0.522114223477146,2022
"CL18020-5-1",-0.334052931311972,0.436812815313493,0.800186203170432,1.66204088697074,-0.513487172913151,2022
"SW18047-4-4",-0.769992006674089,1.99589855612473,-0.964897270627433,0.0348098591519358,-0.513487172913151,2022
"CLHF16004-6R6-2-3",1.4097033701365,-0.342730055092126,0.0941528136512871,0.306015030455069,-0.502703359708158,2022
"SW18014-2-1",-0.334052931311972,0.436812815313493,-0.141191649521762,0.848425373061338,-0.494076309144163,2022
"SW18001-4-2",-0.334052931311972,0.436812815313493,-0.41576018989032,-0.778805654757467,-0.483292495939171,2022
"CLHF16004-1R7-1-3",1.84564244549862,-0.342730055092126,0.0941528136512871,0.441617616106638,-0.455254581606189,2022
"SW18005-8-3",-0.334052931311972,1.60612712092192,-1.12179357940947,0.848425373061338,-0.455254581606189,2022
"SW18033-15-2",-0.334052931311972,1.21635568571911,-0.84722503904091,0.712822787409772,-0.455254581606189,2022
"SW18053-2-2",0.101886144050146,1.21635568571911,-0.925673193431925,0.306015030455069,-0.455254581606189,2022
"SW18003-1-3",-0.334052931311972,0.0470413801106835,0.957082511952464,-0.778805654757467,-0.435843717837201,2022
"SW18038-12-3",-0.334052931311972,-0.732501490294935,-0.572656498672352,0.170412444803502,-0.435843717837201,2022
"SW18054-2-2",-1.20593108203621,-1.12227292549774,0.682513971583909,-0.507600483454333,-0.435843717837201,2022
"CLHF16002-6R1-2-1",-1.20593108203621,-0.732501490294935,0.957082511952464,1.52643830131917,-0.425059904632208,2022
"SW18033-10-4",0.101886144050146,0.436812815313493,-0.101967572326254,0.306015030455069,-0.416432854068214,2022
"SW18034-6-2",1.4097033701365,0.436812815313493,-1.39636211977802,0.0348098591519358,-0.394865227658229,2022
"CL18003-6-2",-1.20593108203621,0.0470413801106835,0.368721354019842,0.712822787409772,-0.386238177094234,2022
"SW18015-2-2",-0.769992006674089,1.21635568571911,-0.964897270627433,-0.6432030691059,-0.386238177094234,2022
"CL18008-10-3",1.84564244549862,-1.12227292549774,0.368721354019842,0.170412444803502,-0.366827313325246,2022
"CL18035-7-2",0.101886144050146,0.826584250516302,0.0549287364557784,0.0348098591519358,-0.356043500120253,2022
"CLHF16002-6R8-1-3",-1.20593108203621,-1.12227292549774,0.133376890846793,-0.100792726499631,-0.356043500120253,2022
"SW18026-7-3",0.537825219412263,0.826584250516302,-1.47481027416904,0.577220201758205,-0.336632636351266,2022
"SW18044-7-1",-0.769992006674089,1.21635568571911,-0.298087958303794,0.170412444803502,-0.336632636351266,2022
"CL18012-22-2",1.84564244549862,-0.732501490294935,-0.729552807454384,1.52643830131917,-0.328005585787272,2022
"CL18034-2-4",0.101886144050146,0.0470413801106835,0.21182504523781,-1.32121599736374,-0.328005585787272,2022
"SW18039-3-2",0.973764294774381,0.0470413801106835,0.172600968042302,-0.236395312151198,-0.328005585787272,2022
"SW18047-5-2",0.101886144050146,0.0470413801106835,-0.0235194179352389,0.577220201758205,-0.328005585787272,2022
"CLHF16004-6R1-1-4",1.84564244549862,-1.12227292549774,-0.21963980391278,0.577220201758205,-0.317221772582278,2022
"SW18055-3-2",1.84564244549862,0.436812815313493,-0.258863881108288,-1.18561341171217,-0.317221772582278,2022
"CL18004-9-1",2.71752059622285,-0.342730055092126,0.957082511952464,1.25523313001604,-0.308594722018284,2022
"CLHF16004-6R9-1-4",1.4097033701365,-1.51204436070055,-0.376536112694811,0.441617616106638,-0.308594722018284,2022
"SW18009-20-2",-0.334052931311972,0.436812815313493,-1.08256950221396,0.306015030455069,-0.308594722018284,2022
"CL18002-10-1",1.84564244549862,-0.732501490294935,-0.141191649521762,-0.507600483454333,-0.297810908813291,2022
"CLHF16004-1R9-1-3",0.973764294774381,0.0470413801106835,0.525617662801874,-0.371997897802767,-0.297810908813291,2022
"SW18009-12-2",-0.334052931311972,0.826584250516302,-0.84722503904091,0.0348098591519358,-0.297810908813291,2022
"SW18021-2-1",1.84564244549862,0.826584250516302,-1.39636211977802,0.0348098591519358,-0.297810908813291,2022
"SW18037-3-1",-0.334052931311972,-0.342730055092126,-1.31791396538701,0.848425373061338,-0.297810908813291,2022
"CLHF16004-4R6-1-2",0.101886144050146,0.0470413801106835,-0.376536112694811,-1.0500108260606,-0.289183858249297,2022
"SW18009-3-1",0.101886144050146,0.436812815313493,-0.808000961845401,0.170412444803502,-0.289183858249297,2022
"SW18015-9-1",-0.769992006674089,-0.342730055092126,0.251049122433319,-1.86362633997,-0.289183858249297,2022
"SW18018-4-2",-0.334052931311972,0.0470413801106835,-0.651104653063369,-0.914408240409033,-0.289183858249297,2022
"SW18022-8-2",-0.769992006674089,0.436812815313493,-0.651104653063369,-1.59242116866687,-0.289183858249297,2022
"CL18024-13-3",-0.769992006674089,0.436812815313493,-0.925673193431925,0.712822787409772,-0.278400045044304,2022
"SW18015-11-3",-0.769992006674089,-0.342730055092126,-1.51403435136455,-1.0500108260606,-0.258989181275316,2022
"SW18016-2-1",-0.769992006674089,-0.342730055092126,-1.12179357940947,-0.507600483454333,-0.258989181275316,2022
"CL18010-12-1",1.4097033701365,0.0470413801106835,0.486393585606368,-0.6432030691059,-0.248205368070323,2022
"CL18025-4-2",-0.334052931311972,-2.29158723110617,1.07475474353899,-0.778805654757467,-0.248205368070323,2022
"CL18031-4-2",-0.334052931311972,1.60612712092192,-0.0235194179352389,-0.507600483454333,-0.248205368070323,2022
"SW18002-1-2",-1.20593108203621,-0.732501490294935,-0.572656498672352,0.306015030455069,-0.248205368070323,2022
"SW18025-6-4",1.84564244549862,1.99589855612473,-0.41576018989032,-0.778805654757467,-0.248205368070323,2022
"SW18016-11-2",-0.769992006674089,-0.732501490294935,-0.808000961845401,0.0348098591519358,-0.239578317506329,2022
"SW18024-12-3",0.537825219412263,-0.342730055092126,-0.180415726717271,-0.236395312151198,-0.239578317506329,2022
"SW18008-8-2",-0.334052931311972,-0.342730055092126,0.839410280365941,-0.778805654757467,-0.228794504301336,2022
"CL18025-5-4",0.101886144050146,-0.732501490294935,0.0549287364557784,-0.100792726499631,-0.220167453737342,2022
"SW18008-5-2",-0.769992006674089,0.0470413801106835,0.878634357561449,-0.6432030691059,-0.220167453737342,2022
"SW18038-2-2",-0.334052931311972,-0.732501490294935,-0.494208344281335,1.25523313001604,-0.220167453737342,2022
"SW18049-5-3",-0.769992006674089,0.826584250516302,0.44716950841086,0.0348098591519358,-0.220167453737342,2022
"CL18018-12-3",1.4097033701365,0.436812815313493,-0.84722503904091,2.20445122957701,-0.209383640532349,2022
"SW18001-3-2",-0.334052931311972,0.436812815313493,0.290273199628828,-0.6432030691059,-0.209383640532349,2022
"SW18039-7-4",-0.334052931311972,-0.342730055092126,0.525617662801874,0.170412444803502,-0.209383640532349,2022
"SW18039-9-4",0.537825219412263,-0.342730055092126,-0.0235194179352389,0.441617616106638,-0.200756589968354,2022
"SW18053-5-3",0.973764294774381,0.826584250516302,-1.08256950221396,0.441617616106638,-0.200756589968354,2022
"CL18020-1-3",-0.334052931311972,0.436812815313493,0.721738048779415,0.984027958712905,-0.189972776763361,2022
"CL18023-8-1",-0.334052931311972,1.60612712092192,0.44716950841086,0.441617616106638,-0.189972776763361,2022
"SW18049-4-2",-0.769992006674089,-0.342730055092126,0.6432898943884,-0.371997897802767,-0.189972776763361,2022
"CL18008-11-3",3.15345967158497,0.826584250516302,-0.729552807454384,1.11963054436447,-0.181345726199367,2022
"SW18010-5-2",-0.334052931311972,-0.732501490294935,-0.533432421476843,0.441617616106638,-0.181345726199367,2022
"SW18045-3-1",-0.769992006674089,-0.342730055092126,0.407945431215351,-0.778805654757467,-0.181345726199367,2022
"SW18012-11-2",0.537825219412263,0.436812815313493,-0.729552807454384,1.39083571566761,-0.151151049225386,2022
"SW18048-6-3",-0.769992006674089,1.21635568571911,-0.84722503904091,0.306015030455069,-0.151151049225386,2022
"SW18026-11-1",-0.334052931311972,0.436812815313493,-1.12179357940947,0.577220201758205,-0.142523998661392,2022
"SW18048-3-1",-0.769992006674089,0.436812815313493,0.407945431215351,0.170412444803502,-0.142523998661392,2022
"CL18022-4-3",1.4097033701365,1.60612712092192,0.682513971583909,1.39083571566761,-0.131740185456399,2022
"CL18028-7-2",-0.334052931311972,0.826584250516302,0.525617662801874,0.0348098591519358,-0.131740185456399,2022
"SW18015-7-1",-1.20593108203621,0.0470413801106835,0.407945431215351,-0.6432030691059,-0.131740185456399,2022
"SW18019-2-3",0.101886144050146,0.0470413801106835,-0.41576018989032,0.984027958712905,-0.131740185456399,2022
"CLHF16004-5R9-1-1",2.28158152086073,-0.732501490294935,-0.729552807454384,0.441617616106638,-0.120956372251406,2022
"SW18015-5-2",-0.769992006674089,0.0470413801106835,-1.63170658295107,-0.778805654757467,-0.112329321687412,2022
"CLHF16004-3R8-1-2",-1.20593108203621,-1.12227292549774,1.23165105232102,-0.507600483454333,-0.101545508482419,2022
"SW18024-10-1",-0.769992006674089,0.826584250516302,-1.63170658295107,-1.0500108260606,-0.101545508482419,2022
"CL18018-13-1",0.537825219412263,-2.29158723110617,0.329497276824334,0.848425373061338,-0.0929184579184245,2022
"CL18022-12-3",0.101886144050146,0.436812815313493,0.525617662801874,1.66204088697074,-0.0929184579184245,2022
"SW18003-9-2",-1.20593108203621,-1.12227292549774,1.23165105232102,0.0348098591519358,-0.0929184579184245,2022
"SW18016-1-3",-0.769992006674089,0.826584250516302,0.0941528136512871,0.170412444803502,-0.0929184579184245,2022
"SW18032-2-3",-0.334052931311972,-0.732501490294935,0.407945431215351,-1.0500108260606,-0.0929184579184245,2022
"SW18046-7-1",-0.334052931311972,0.0470413801106835,-0.376536112694811,-0.6432030691059,-0.0929184579184245,2022
"CL18008-12-2",2.28158152086073,1.21635568571911,-1.00412134782294,-0.6432030691059,-0.0821346447134313,2022
"SW18044-4-2",-0.769992006674089,0.826584250516302,0.839410280365941,-0.100792726499631,-0.0735075941494371,2022
"SW18007-10-2",-0.334052931311972,1.21635568571911,-0.298087958303794,-0.778805654757467,-0.062723780944444,2022
"SW18015-1-2",-1.20593108203621,0.436812815313493,0.800186203170432,-0.100792726499631,-0.062723780944444,2022
"CL18012-21-4",1.84564244549862,-1.12227292549774,-0.964897270627433,1.39083571566761,-0.0433129171754566,2022
"CL18018-9-2",-0.334052931311972,-2.29158723110617,0.407945431215351,1.52643830131917,-0.0346858666114624,2022
"CL18017-2-4",2.28158152086073,3.55498429693597,1.27087512951653,1.25523313001604,-0.0239020534064693,2022
"CLHF16004-5R4-1-1",0.537825219412263,-0.342730055092126,-0.258863881108288,0.441617616106638,-0.0239020534064693,2022
"SW18045-7-2",-0.334052931311972,0.0470413801106835,0.6432898943884,-1.0500108260606,-0.0152750028424751,2022
"CLHF16002-8R7-1-2",-1.20593108203621,-1.12227292549774,1.46699551549407,0.0348098591519358,0.0062926235675112,2022
"SW18045-4-3",-0.769992006674089,-0.732501490294935,0.329497276824334,-1.32121599736374,0.0062926235675112,2022
"SW18031-7-3",-0.334052931311972,0.826584250516302,0.486393585606368,0.170412444803502,0.0149196741315054,2022
"SW18054-6-1",-0.769992006674089,-1.90181579590336,-0.298087958303794,-1.4568185830153,0.0149196741315054,2022
"CL18022-9-1",-0.334052931311972,0.0470413801106835,0.21182504523781,0.984027958712905,0.0257034873364985,2022
"SW18013-9-2",-1.20593108203621,-0.732501490294935,-0.533432421476843,-0.778805654757467,0.0343305379004928,2022
"CL18022-6-3",-0.334052931311972,0.0470413801106835,1.1139788207345,1.39083571566761,0.0537414016694801,2022
"CLHF16004-6R5-1-2",-0.334052931311972,-0.342730055092126,-0.0235194179352389,0.848425373061338,0.0537414016694801,2022
"SW18045-2-4",-0.769992006674089,0.826584250516302,0.682513971583909,-0.914408240409033,0.0645252148744732,2022
"SW18002-13-2",-0.769992006674089,-1.51204436070055,0.0157046592602697,-0.507600483454333,0.0731522654384674,2022
"SW18024-2-1",0.973764294774381,-0.342730055092126,-0.690328730258875,0.577220201758205,0.0731522654384674,2022
"SW18044-2-3",-1.20593108203621,0.826584250516302,0.329497276824334,0.0348098591519358,0.0731522654384674,2022
"CL18024-1-4",-0.334052931311972,2.77544142653035,-0.0627434951307476,0.170412444803502,0.0925631292074548,2022
"SW18007-6-3",-0.334052931311972,-0.732501490294935,0.251049122433319,-0.914408240409033,0.0925631292074548,2022
"SW18007-7-2",-0.334052931311972,0.826584250516302,0.525617662801874,-0.6432030691059,0.0925631292074548,2022
"CL18027-3-4",0.101886144050146,-0.342730055092126,0.44716950841086,-0.778805654757467,0.103346942412448,2022
"SW18020-7-2",1.84564244549862,0.0470413801106835,-1.23946581099599,0.441617616106638,0.103346942412448,2022
"SW18047-1-3",-0.334052931311972,1.21635568571911,0.44716950841086,0.984027958712905,0.103346942412448,2022
"SW18049-6-2",-0.769992006674089,2.77544142653035,0.957082511952464,0.0348098591519358,0.103346942412448,2022
"CLHF16004-5R8-2-3",1.84564244549862,-1.12227292549774,-1.04334542501845,0.577220201758205,0.111973992976442,2022
"SW18017-9-3",-0.769992006674089,0.436812815313493,0.133376890846793,0.306015030455069,0.111973992976442,2022
"SW18034-3-3",-0.334052931311972,1.21635568571911,0.368721354019842,-1.0500108260606,0.111973992976442,2022
"CL18003-8-4",-0.334052931311972,0.0470413801106835,-0.298087958303794,-1.4568185830153,0.122757806181435,2022
"CL18016-8-2",-0.769992006674089,0.436812815313493,1.34932328390755,1.39083571566761,0.122757806181435,2022
"SW18016-7-3",-0.769992006674089,-0.732501490294935,0.133376890846793,0.441617616106638,0.122757806181435,2022
"SW18050-4-2",-0.334052931311972,0.436812815313493,0.721738048779415,0.441617616106638,0.122757806181435,2022
"SW18016-8-3",-0.769992006674089,-0.342730055092126,-0.454984267085829,-0.778805654757467,0.131384856745429,2022
"SW18032-4-3",0.101886144050146,0.436812815313493,0.0157046592602697,0.0348098591519358,0.131384856745429,2022
"SW18050-10-2",-0.769992006674089,0.436812815313493,-1.16101765660497,-0.371997897802767,0.131384856745429,2022
"CL18015-6-2",-0.334052931311972,-1.51204436070055,-0.533432421476843,-0.371997897802767,0.142168669950423,2022
"CL18018-3-2",0.101886144050146,1.21635568571911,-0.141191649521762,1.66204088697074,0.142168669950423,2022
"SW18013-10-1",-1.20593108203621,-1.51204436070055,-0.141191649521762,-1.4568185830153,0.142168669950423,2022
"CL18036-2-2",-0.334052931311972,0.826584250516302,1.34932328390755,0.441617616106638,0.16157953371941,2022
"SW18022-5-1",-0.769992006674089,-0.732501490294935,-1.12179357940947,-0.371997897802767,0.16157953371941,2022
"SW18038-5-2",-0.334052931311972,0.0470413801106835,-0.572656498672352,1.11963054436447,0.16157953371941,2022
"SW18004-9-2",0.101886144050146,-0.342730055092126,0.721738048779415,-0.914408240409033,0.172363346924403,2022
"CL18033-6-3",-0.334052931311972,1.60612712092192,0.0549287364557784,1.25523313001604,0.180990397488397,2022
"CLHF16004-3R6-1-3",-0.769992006674089,-1.90181579590336,1.1139788207345,0.441617616106638,0.180990397488397,2022
"SW18004-7-4",-0.769992006674089,1.21635568571911,0.486393585606368,-1.4568185830153,0.180990397488397,2022
"SW18017-2-2",-0.769992006674089,-0.342730055092126,-0.0235194179352389,-0.914408240409033,0.180990397488397,2022
"SW18002-10-3",-0.334052931311972,-0.732501490294935,0.525617662801874,0.441617616106638,0.19177421069339,2022
"SW18016-4-2",-0.769992006674089,-0.732501490294935,-0.141191649521762,-0.236395312151198,0.19177421069339,2022
"CL18002-5-3",2.28158152086073,-1.51204436070055,1.34932328390755,-0.914408240409033,0.200401261257385,2022
"CL18029-2-4",1.84564244549862,1.21635568571911,1.82001221025364,-0.236395312151198,0.211185074462378,2022
"SW18023-1-1",-0.769992006674089,-1.90181579590336,1.31009920671204,-1.99922892562157,0.211185074462378,2022
"SW18044-8-1",-0.769992006674089,1.60612712092192,0.486393585606368,-0.236395312151198,0.211185074462378,2022
"SW18051-3-2",-0.769992006674089,0.436812815313493,-0.533432421476843,0.577220201758205,0.211185074462378,2022
"SW18045-6-3",-0.334052931311972,-0.342730055092126,0.290273199628828,-0.507600483454333,0.219812125026372,2022
"SW18054-7-3",-0.769992006674089,-0.342730055092126,-0.0627434951307476,-0.778805654757467,0.230595938231365,2022
"CL18035-9-2",-0.769992006674089,0.436812815313493,0.839410280365941,0.0348098591519358,0.239222988795359,2022
"CLHF16004-3R9-2-2",-1.20593108203621,-1.12227292549774,0.251049122433319,-0.914408240409033,0.239222988795359,2022
"CL18010-8-3",0.101886144050146,0.436812815313493,1.19242697512551,0.0348098591519358,0.26941766576934,2022
"SW18034-5-3",0.973764294774381,0.436812815313493,-0.258863881108288,-0.100792726499631,0.26941766576934,2022
"SW18038-10-1",-0.334052931311972,-1.12227292549774,-0.298087958303794,1.11963054436447,0.26941766576934,2022
"CL18028-4-2",-0.769992006674089,0.436812815313493,2.01613259623118,0.577220201758205,0.280201478974333,2022
"SW18007-2-1",0.101886144050146,0.826584250516302,-0.494208344281335,1.25523313001604,0.280201478974333,2022
"SW18017-11-3",-0.769992006674089,0.436812815313493,0.0941528136512871,-0.371997897802767,0.280201478974333,2022
"CL18005-11-4",1.4097033701365,-0.342730055092126,0.251049122433319,-1.32121599736374,0.288828529538327,2022
"CLHF16004-1R9-2-2",-0.334052931311972,-0.342730055092126,0.604065817192892,-0.236395312151198,0.29961234274332,2022
"SW18016-6-2",-0.769992006674089,-0.732501490294935,0.368721354019842,-1.18561341171217,0.29961234274332,2022
"CL18030-2-4",-0.769992006674089,0.0470413801106835,0.917858434756955,-0.100792726499631,0.308239393307315,2022
"CLHF16004-3R3-1-2",-0.334052931311972,-2.29158723110617,0.525617662801874,-1.0500108260606,0.308239393307315,2022
"SW18028-2-2",-0.769992006674089,1.21635568571911,-0.141191649521762,0.306015030455069,0.308239393307315,2022
"SW18034-10-1",-0.334052931311972,-0.342730055092126,0.251049122433319,-2.67724185387941,0.319023206512308,2022
"CL18012-23-3",1.84564244549862,-0.342730055092126,-0.729552807454384,1.66204088697074,0.327650257076302,2022
"CL18029-4-3",-0.334052931311972,0.436812815313493,1.74156405586263,-0.100792726499631,0.327650257076302,2022
"SW18011-14-2",-0.334052931311972,0.436812815313493,0.251049122433319,0.712822787409772,0.327650257076302,2022
"CL18016-5-1",-0.334052931311972,0.0470413801106835,0.0941528136512871,0.712822787409772,0.338434070281295,2022
"CLHF16002-6R11-1-1",-0.769992006674089,-0.342730055092126,1.19242697512551,0.712822787409772,0.338434070281295,2022
"SW18012-2-4",-0.334052931311972,0.826584250516302,0.682513971583909,-0.507600483454333,0.338434070281295,2022
"SW18026-6-1",0.101886144050146,2.38566999132754,-0.180415726717271,0.0348098591519358,0.338434070281295,2022
"SW18008-16-3",0.973764294774381,1.60612712092192,0.251049122433319,0.170412444803502,0.347061120845289,2022
"SW18026-2-1",-0.769992006674089,-0.342730055092126,0.486393585606368,-1.0500108260606,0.357844934050282,2022
"CL18025-1-4",-0.334052931311972,-0.342730055092126,0.133376890846793,-1.72802375431844,0.37725579781927,2022
"SW18028-1-3",-0.769992006674089,1.99589855612473,-0.690328730258875,-0.236395312151198,0.37725579781927,2022
"CL18014-6-4",0.101886144050146,0.826584250516302,0.172600968042302,1.25523313001604,0.385882848383264,2022
"SW18012-15-1",-0.334052931311972,0.436812815313493,0.682513971583909,-1.18561341171217,0.396666661588256,2022
"SW18012-7-1",-0.334052931311972,0.436812815313493,0.0157046592602697,-0.100792726499631,0.396666661588256,2022
"SW18010-4-1",-0.769992006674089,-1.12227292549774,-0.337312035499303,-0.507600483454333,0.405293712152252,2022
"SW18021-3-3",-0.334052931311972,0.826584250516302,-0.611880575867861,-0.236395312151198,0.405293712152252,2022
"SW18039-10-1",-0.334052931311972,-0.342730055092126,0.839410280365941,-0.100792726499631,0.405293712152252,2022
"CL18003-3-1",-0.769992006674089,-0.732501490294935,-1.12179357940947,-1.0500108260606,0.416077525357244,2022
"CL18005-7-2",1.4097033701365,-1.12227292549774,-0.0235194179352389,-1.0500108260606,0.416077525357244,2022
"CL18016-6-4",-0.334052931311972,-0.732501490294935,1.07475474353899,0.306015030455069,0.416077525357244,2022
"SW18011-17-1",-1.20593108203621,0.0470413801106835,0.604065817192892,0.712822787409772,0.416077525357244,2022
"SW18012-5-3",0.101886144050146,0.436812815313493,0.800186203170432,-0.236395312151198,0.416077525357244,2022
"SW18022-7-2",-0.769992006674089,-0.732501490294935,0.133376890846793,-0.6432030691059,0.416077525357244,2022
"SW18050-12-2",-0.769992006674089,0.0470413801106835,1.42777143829856,0.577220201758205,0.416077525357244,2022
"CL18009-8-2",-0.769992006674089,-0.342730055092126,1.34932328390755,-1.0500108260606,0.426861338562237,2022
"SW18010-8-1",-0.769992006674089,0.436812815313493,0.800186203170432,-1.18561341171217,0.426861338562237,2022
"SW18012-9-1",-0.769992006674089,-0.342730055092126,1.07475474353899,-0.778805654757467,0.426861338562237,2022
"SW18032-6-3",0.101886144050146,-0.342730055092126,0.839410280365941,-0.507600483454333,0.426861338562237,2022
"CL18004-5-4",-0.334052931311972,-1.51204436070055,1.54544366988509,0.984027958712905,0.435488389126233,2022
"CL18018-11-3",1.4097033701365,0.436812815313493,0.251049122433319,0.712822787409772,0.435488389126233,2022
"SW18016-10-1",-0.769992006674089,-1.12227292549774,-0.180415726717271,0.306015030455069,0.435488389126233,2022
"SW18012-14-1",-0.334052931311972,0.0470413801106835,0.6432898943884,-0.6432030691059,0.446272202331225,2022
"SW18039-13-1",1.4097033701365,0.0470413801106835,1.03553066634348,0.441617616106638,0.454899252895219,2022
"CL18009-2-4",-0.334052931311972,0.0470413801106835,0.682513971583909,0.306015030455069,0.474310116664207,2022
"CL18033-7-3",0.973764294774381,1.60612712092192,0.290273199628828,0.441617616106638,0.474310116664207,2022
"SW18018-7-4",-0.334052931311972,0.826584250516302,-0.925673193431925,-0.507600483454333,0.474310116664207,2022
"SW18050-13-2",-0.769992006674089,-0.342730055092126,0.329497276824334,0.170412444803502,0.474310116664207,2022
"SW18034-11-1",1.84564244549862,0.826584250516302,-0.337312035499303,-1.99922892562157,0.4850939298692,2022
"SW18034-7-1",-0.334052931311972,-0.732501490294935,0.564841739997383,-0.236395312151198,0.4850939298692,2022
"SW18049-2-3",-1.20593108203621,-0.342730055092126,0.329497276824334,-1.4568185830153,0.4850939298692,2022
"CL18010-13-2",0.537825219412263,-1.12227292549774,1.89846036464466,-0.507600483454333,0.493720980433194,2022
"CL18011-1-3",1.84564244549862,1.21635568571911,0.525617662801874,-0.507600483454333,0.504504793638186,2022
"CL18012-8-2",1.4097033701365,-0.342730055092126,0.525617662801874,1.25523313001604,0.504504793638186,2022
"SW18033-12-1",-0.769992006674089,-0.342730055092126,-0.0235194179352389,1.52643830131917,0.504504793638186,2022
"SW18007-1-2",-0.769992006674089,-0.732501490294935,0.760962125974923,-0.778805654757467,0.513131844202182,2022
"CL18002-6-3",1.4097033701365,-0.732501490294935,0.800186203170432,-0.371997897802767,0.523915657407174,2022
"CL18003-11-4",-0.769992006674089,-1.12227292549774,1.07475474353899,-0.914408240409033,0.523915657407174,2022
"CLHF16004-5R4-2-4",0.537825219412263,-1.90181579590336,0.251049122433319,0.170412444803502,0.523915657407174,2022
"SW18002-5-1",-0.334052931311972,0.0470413801106835,0.525617662801874,-0.507600483454333,0.523915657407174,2022
"SW18002-6-2",-0.334052931311972,-1.12227292549774,0.878634357561449,0.170412444803502,0.523915657407174,2022
"SW18022-6-2",-0.769992006674089,-0.732501490294935,-0.0235194179352389,0.0348098591519358,0.523915657407174,2022
"CL18009-1-3",-0.769992006674089,1.60612712092192,1.54544366988509,0.0348098591519358,0.532542707971168,2022
"SW18032-10-2",-0.334052931311972,0.0470413801106835,0.44716950841086,-0.100792726499631,0.532542707971168,2022
"CL18002-9-3",1.84564244549862,0.0470413801106835,0.525617662801874,0.0348098591519358,0.543326521176162,2022
"CL18029-10-2",2.28158152086073,0.436812815313493,0.251049122433319,-1.0500108260606,0.543326521176162,2022
"CL18015-4-1",-0.334052931311972,-0.732501490294935,0.564841739997383,-0.6432030691059,0.554110334381155,2022
"SW18020-4-2",-0.769992006674089,0.436812815313493,-0.0235194179352389,-0.371997897802767,0.554110334381155,2022
"SW18026-12-4",-0.769992006674089,-0.342730055092126,-0.298087958303794,-0.507600483454333,0.554110334381155,2022
"SW18026-14-2",-0.334052931311972,0.0470413801106835,0.0941528136512871,-0.6432030691059,0.554110334381155,2022
"SW18026-1-3",0.101886144050146,0.0470413801106835,0.368721354019842,-0.507600483454333,0.562737384945149,2022
"SW18050-8-4",-1.20593108203621,0.0470413801106835,0.172600968042302,0.577220201758205,0.562737384945149,2022
"CL18003-1-1",-0.334052931311972,0.0470413801106835,1.89846036464466,0.0348098591519358,0.582148248714137,2022
"CL18022-2-4",-0.334052931311972,0.436812815313493,1.34932328390755,1.39083571566761,0.582148248714137,2022
"SW18001-6-2",-0.769992006674089,0.826584250516302,1.03553066634348,-0.6432030691059,0.582148248714137,2022
"SW18046-4-1",-0.769992006674089,0.0470413801106835,0.6432898943884,-0.914408240409033,0.582148248714137,2022
"SW18054-8-2",-0.769992006674089,0.436812815313493,0.682513971583909,-0.6432030691059,0.582148248714137,2022
"SW18054-9-2",-0.769992006674089,0.0470413801106835,-0.0235194179352389,-1.0500108260606,0.592932061919129,2022
"SW18012-1-2",-0.334052931311972,1.21635568571911,0.407945431215351,0.170412444803502,0.601559112483124,2022
"CL18012-5-2",0.537825219412263,-0.732501490294935,-0.454984267085829,0.984027958712905,0.612342925688116,2022
"SW18006-12-4",-0.769992006674089,-0.342730055092126,0.407945431215351,0.848425373061338,0.612342925688116,2022
"SW18013-1-2",-1.20593108203621,-1.12227292549774,-0.298087958303794,-1.72802375431844,0.612342925688116,2022
"CL18005-6-4",1.4097033701365,0.0470413801106835,-0.376536112694811,-1.32121599736374,0.620969976252112,2022
"CL18010-1-2",1.4097033701365,0.436812815313493,0.172600968042302,-1.32121599736374,0.620969976252112,2022
"CL18004-3-3",-0.334052931311972,0.436812815313493,0.172600968042302,-0.914408240409033,0.631753789457104,2022
"CL18015-5-2",-0.769992006674089,2.38566999132754,0.917858434756955,0.577220201758205,0.631753789457104,2022
"CL18016-7-3",-0.769992006674089,-0.342730055092126,0.957082511952464,-0.6432030691059,0.631753789457104,2022
"SW18020-1-2",-1.20593108203621,-0.342730055092126,0.682513971583909,-0.778805654757467,0.640380840021098,2022
"SW18050-9-3",-0.769992006674089,0.826584250516302,0.6432898943884,-0.914408240409033,0.640380840021098,2022
"CL18024-5-2",-0.769992006674089,0.436812815313493,0.957082511952464,-0.100792726499631,0.651164653226092,2022
"SW18039-2-3",0.101886144050146,0.436812815313493,0.486393585606368,-0.236395312151198,0.651164653226092,2022
"CL18015-1-4",0.101886144050146,-0.342730055092126,1.42777143829856,-0.507600483454333,0.659791703790086,2022
"SW18010-6-1",-0.334052931311972,0.0470413801106835,-0.0235194179352389,-1.18561341171217,0.659791703790086,2022
"CL18018-8-3",0.101886144050146,-2.29158723110617,-0.180415726717271,1.25523313001604,0.670575516995079,2022
"CLHF16004-3R5-1-2",-0.769992006674089,-1.90181579590336,1.03553066634348,-0.914408240409033,0.670575516995079,2022
"SW18010-7-1",-0.334052931311972,0.0470413801106835,0.407945431215351,-1.0500108260606,0.670575516995079,2022
"SW18054-5-2",-0.769992006674089,0.436812815313493,-0.258863881108288,-1.0500108260606,0.670575516995079,2022
"CL18008-1-2",0.973764294774381,-0.732501490294935,1.15320289793,-1.86362633997,0.689986380764067,2022
"CL18008-7-3",1.84564244549862,0.436812815313493,0.525617662801874,-0.6432030691059,0.689986380764067,2022
"SW18018-1-2",-1.20593108203621,-0.732501490294935,0.682513971583909,-0.778805654757467,0.689986380764067,2022
"SW18025-3-3",-0.769992006674089,1.21635568571911,-0.84722503904091,-0.507600483454333,0.689986380764067,2022
"CL18018-1-3",1.84564244549862,-1.51204436070055,-0.84722503904091,0.170412444803502,0.700770193969059,2022
"CLHF16004-6R4-3-1",0.101886144050146,-0.732501490294935,0.251049122433319,0.170412444803502,0.700770193969059,2022
"SW18024-7-1",-0.334052931311972,-1.12227292549774,0.0941528136512871,0.170412444803502,0.700770193969059,2022
"SW18050-7-2",-0.769992006674089,0.0470413801106835,-1.39636211977802,0.712822787409772,0.700770193969059,2022
"CLHF16004-6R11-1-2",0.101886144050146,-1.51204436070055,0.682513971583909,-0.507600483454333,0.709397244533054,2022
"SW18016-12-3",-1.20593108203621,0.436812815313493,-0.0235194179352389,-1.4568185830153,0.709397244533054,2022
"SW18033-14-2",-0.334052931311972,0.436812815313493,0.564841739997383,-0.100792726499631,0.709397244533054,2022
"SW18008-12-1",-0.769992006674089,-0.732501490294935,1.74156405586263,-1.4568185830153,0.720181057738046,2022
"SW18044-3-2",-1.20593108203621,0.826584250516302,1.07475474353899,-0.507600483454333,0.720181057738046,2022
"CL18010-9-3",0.537825219412263,-1.12227292549774,1.93768444184017,-0.507600483454333,0.728808108302042,2022
"CL18024-6-2",-0.769992006674089,0.436812815313493,1.07475474353899,-0.6432030691059,0.728808108302042,2022
"CLHF16004-3R7-1-1",-0.769992006674089,-1.12227292549774,1.34932328390755,-1.18561341171217,0.728808108302042,2022
"CL18014-11-3",0.973764294774381,-0.342730055092126,0.682513971583909,0.306015030455069,0.739591921507034,2022
"CL18011-2-3",1.4097033701365,2.38566999132754,1.6238918242761,1.79764347262231,0.748218972071028,2022
"CLHF16004-5R8-1-3",1.4097033701365,-1.12227292549774,0.407945431215351,-0.6432030691059,0.748218972071028,2022
"SW18046-3-1",-0.334052931311972,0.826584250516302,1.07475474353899,-1.32121599736374,0.748218972071028,2022
"CLHF16002-8R10-4-4",-1.20593108203621,-1.51204436070055,2.01613259623118,-0.371997897802767,0.759002785276022,2022
"SW18039-15-1",0.537825219412263,0.436812815313493,0.878634357561449,-0.371997897802767,0.767629835840016,2022
"CL18004-4-2",-0.334052931311972,0.436812815313493,-0.141191649521762,0.170412444803502,0.778413649045009,2022
"SW18020-8-2",-0.769992006674089,0.826584250516302,-0.101967572326254,1.11963054436447,0.778413649045009,2022
"SW18053-6-2",-1.20593108203621,-0.732501490294935,1.31009920671204,0.441617616106638,0.778413649045009,2022
"CL18012-20-2",0.537825219412263,-1.12227292549774,1.27087512951653,0.0348098591519358,0.806451563377991,2022
"SW18034-1-4",1.4097033701365,-0.342730055092126,0.407945431215351,-2.2704340969247,0.806451563377991,2022
"CL18012-4-2",0.537825219412263,-0.342730055092126,0.329497276824334,0.712822787409772,0.817235376582983,2022
"CL18013-4-1",0.537825219412263,-1.12227292549774,2.01613259623118,1.39083571566761,0.817235376582983,2022
"CLHF16002-7R4-1-2",-0.769992006674089,0.0470413801106835,0.800186203170432,0.0348098591519358,0.817235376582983,2022
"SW18049-1-2",-0.769992006674089,0.826584250516302,1.54544366988509,-0.507600483454333,0.817235376582983,2022
"CL18012-7-1",0.973764294774381,0.0470413801106835,-1.12179357940947,1.25523313001604,0.828019189787976,2022
"SW18009-11-3",-0.769992006674089,-0.342730055092126,0.407945431215351,0.170412444803502,0.836646240351971,2022
"SW18022-9-2",-0.334052931311972,-1.12227292549774,-0.494208344281335,-2.13483151127314,0.836646240351971,2022
"CL18003-2-1",-0.769992006674089,-1.12227292549774,1.50621959268958,-0.778805654757467,0.847430053556964,2022
"CL18014-9-2",0.101886144050146,-0.732501490294935,1.70233997866712,0.577220201758205,0.847430053556964,2022
"SW18023-2-2",-0.769992006674089,-0.732501490294935,1.34932328390755,-1.0500108260606,0.847430053556964,2022
"CL18005-8-3",-0.769992006674089,0.826584250516302,0.407945431215351,-1.86362633997,0.856057104120958,2022
"CL18012-2-2",0.537825219412263,-1.12227292549774,1.34932328390755,-0.371997897802767,0.856057104120958,2022
"SW18008-13-3",-0.769992006674089,0.0470413801106835,1.19242697512551,-0.6432030691059,0.856057104120958,2022
"SW18015-6-1",-1.20593108203621,0.0470413801106835,0.878634357561449,-2.13483151127314,0.856057104120958,2022
"CL18021-7-2",-0.769992006674089,2.38566999132754,0.604065817192892,-0.371997897802767,0.866840917325952,2022
"SW18032-14-4",0.101886144050146,0.0470413801106835,0.760962125974923,-1.0500108260606,0.886251781094939,2022
"CL18017-4-4",0.537825219412263,-0.732501490294935,-1.00412134782294,1.79764347262231,0.914289695427921,2022
"CLHF16004-6R3-2-4",1.4097033701365,-0.732501490294935,-0.41576018989032,-0.371997897802767,0.925073508632913,2022
"SW18019-6-1",-0.769992006674089,-0.342730055092126,0.486393585606368,-0.6432030691059,0.925073508632913,2022
"SW18013-2-3",-1.20593108203621,-0.342730055092126,0.407945431215351,-1.99922892562157,0.944484372401901,2022
"CL18012-11-3",-0.334052931311972,0.0470413801106835,0.368721354019842,0.306015030455069,0.953111422965896,2022
"SW18016-5-2",-1.20593108203621,-1.12227292549774,0.290273199628828,0.170412444803502,0.963895236170888,2022
"SW18017-1-3",-1.20593108203621,0.436812815313493,1.07475474353899,-0.507600483454333,0.963895236170888,2022
"CL18016-2-3",0.973764294774381,-1.51204436070055,0.682513971583909,-0.507600483454333,0.974679049375882,2022
"SW18005-1-4",-0.769992006674089,1.21635568571911,0.329497276824334,-1.0500108260606,0.974679049375882,2022
"SW18026-8-2",-0.334052931311972,1.21635568571911,0.721738048779415,-0.914408240409033,0.974679049375882,2022
"CL18012-14-1",-0.334052931311972,-0.342730055092126,0.6432898943884,0.306015030455069,0.983306099939876,2022
"CLHF16004-5R9-2-1",0.973764294774381,-1.90181579590336,0.564841739997383,-0.778805654757467,0.983306099939876,2022
"SW18050-3-4",-0.769992006674089,0.436812815313493,0.44716950841086,-0.236395312151198,1.02212782747785,2022
"CL18012-13-2",-0.334052931311972,-0.342730055092126,0.21182504523781,0.984027958712905,1.03291164068284,2022
"CL18021-8-1",0.101886144050146,-0.342730055092126,-1.04334542501845,0.577220201758205,1.05232250445183,2022
"SW18012-10-1",2.28158152086073,1.99589855612473,0.996306589147973,0.170412444803502,1.07173336822082,2022
"CL18029-11-2",1.4097033701365,2.38566999132754,1.58466774708059,-1.4568185830153,1.08036041878481,2022
"SW18008-10-2",-1.20593108203621,0.436812815313493,0.957082511952464,-1.0500108260606,1.08036041878481,2022
"CL18008-9-3",1.4097033701365,0.436812815313493,0.21182504523781,-0.236395312151198,1.11055509575879,2022
"SW18027-1-2",-1.20593108203621,3.55498429693597,-0.0235194179352389,-0.507600483454333,1.11055509575879,2022
"CL18005-9-2",0.973764294774381,-0.342730055092126,0.368721354019842,-2.2704340969247,1.12996595952778,2022
"SW18050-1-2",-0.769992006674089,-0.342730055092126,0.682513971583909,-1.0500108260606,1.12996595952778,2022
"CL18012-18-2",-0.334052931311972,0.436812815313493,1.07475474353899,0.441617616106638,1.14074977273277,2022
"SW18004-5-4",-0.334052931311972,1.60612712092192,0.760962125974923,-1.0500108260606,1.14074977273277,2022
"SW18011-16-2",-0.769992006674089,-0.342730055092126,-0.0235194179352389,-0.100792726499631,1.14074977273277,2022
"SW18032-11-2",0.101886144050146,-0.732501490294935,1.15320289793,-0.914408240409033,1.14074977273277,2022
"CL18018-7-1",0.101886144050146,0.436812815313493,0.0549287364557784,0.984027958712905,1.16016063650176,2022
"CL18034-3-2",-0.334052931311972,1.21635568571911,1.42777143829856,-0.778805654757467,1.16016063650176,2022
"SW18012-8-2",-0.769992006674089,0.0470413801106835,0.564841739997383,-0.914408240409033,1.16016063650176,2022
"CL18010-4-2",0.101886144050146,0.0470413801106835,0.251049122433319,0.170412444803502,1.16878768706576,2022
"CL18023-1-3",-1.20593108203621,1.60612712092192,0.917858434756955,0.170412444803502,1.17957150027075,2022
"CL18033-2-2",-0.334052931311972,1.21635568571911,0.21182504523781,-0.100792726499631,1.18819855083474,2022
"CLHF16004-4R11-1-1",-0.769992006674089,-1.90181579590336,0.721738048779415,-1.18561341171217,1.18819855083474,2022
"SW18049-9-3",-1.20593108203621,1.21635568571911,1.66311590147161,-1.32121599736374,1.21839322780872,2022
"SW18054-3-4",-0.769992006674089,1.99589855612473,0.0549287364557784,-0.6432030691059,1.22917704101372,2022
"CL18016-4-2",-0.334052931311972,-1.90181579590336,-0.454984267085829,0.306015030455069,1.23780409157771,2022
"CL18018-5-1",-0.769992006674089,-1.51204436070055,0.564841739997383,0.712822787409772,1.23780409157771,2022
"CL18012-3-2",0.101886144050146,0.436812815313493,-0.84722503904091,1.25523313001604,1.2485879047827,2022
"SW18034-12-1",-0.334052931311972,-1.12227292549774,0.525617662801874,-2.13483151127314,1.2485879047827,2022
"CL18002-2-2",2.71752059622285,-0.342730055092126,1.27087512951653,-0.507600483454333,1.2572149553467,2022
"SW18022-10-2",-0.769992006674089,-1.12227292549774,0.21182504523781,-0.371997897802767,1.2572149553467,2022
"SW18051-2-4",-0.769992006674089,0.0470413801106835,0.251049122433319,1.11963054436447,1.2572149553467,2022
"SW18024-1-2",-0.334052931311972,0.0470413801106835,0.21182504523781,-0.371997897802767,1.27662581911569,2022
"CL18012-6-3",0.973764294774381,-0.342730055092126,-1.23946581099599,0.984027958712905,1.28740963232068,2022
"CL18008-2-1",0.101886144050146,0.826584250516302,1.03553066634348,-0.100792726499631,1.29603668288467,2022
"CL18014-2-3",-0.334052931311972,-0.732501490294935,1.31009920671204,0.306015030455069,1.29603668288467,2022
"CL18012-24-3",1.4097033701365,-1.51204436070055,-0.0235194179352389,0.712822787409772,1.32623135985865,2022
"SW18054-11-4",-1.20593108203621,1.21635568571911,0.957082511952464,-0.6432030691059,1.32623135985865,2022
"SW18054-1-2",-0.769992006674089,0.0470413801106835,-0.258863881108288,-0.371997897802767,1.32623135985865,2022
"SW18054-10-2",-1.20593108203621,0.826584250516302,0.486393585606368,-0.371997897802767,1.33485841042265,2022
"SW18022-1-2",-1.20593108203621,-1.90181579590336,0.564841739997383,-1.0500108260606,1.36505308739663,2022
"SW18022-11-1",-0.769992006674089,-0.342730055092126,0.368721354019842,-0.778805654757467,1.37583690060162,2022
"SW18007-3-3",-0.769992006674089,-0.342730055092126,0.682513971583909,-2.13483151127314,1.42328567870359,2022
"CL18012-15-2",-0.334052931311972,-0.732501490294935,0.878634357561449,-1.18561341171217,1.43406949190858,2022
"CL18014-3-2",0.537825219412263,-1.12227292549774,0.760962125974923,0.577220201758205,1.43406949190858,2022
"SW18022-4-3",-0.769992006674089,-1.12227292549774,-0.141191649521762,-0.778805654757467,1.46210740624156,2022
"SW18027-2-2",-0.334052931311972,1.21635568571911,-1.71015473734209,0.0348098591519358,1.47289121944656,2022
"CL18005-12-2",0.537825219412263,1.21635568571911,0.251049122433319,-1.72802375431844,1.49230208321554,2022
"CL18012-19-1",0.973764294774381,-0.732501490294935,1.23165105232102,-0.100792726499631,1.50308589642054,2022
"CL18005-3-4",0.101886144050146,-0.342730055092126,-0.21963980391278,-1.59242116866687,1.55053467452251,2022
"SW18017-4-3",-0.769992006674089,-0.732501490294935,1.31009920671204,-1.32121599736374,1.58072935149649,2022
"CL18005-4-2",0.101886144050146,0.0470413801106835,1.07475474353899,-1.59242116866687,1.60014021526547,2022
"SW18007-4-2",-0.769992006674089,0.0470413801106835,-0.258863881108288,-1.18561341171217,1.60876726582947,2022
"SW18051-8-4",-1.20593108203621,0.0470413801106835,0.839410280365941,-0.236395312151198,1.60876726582947,2022
"CL18010-15-3",0.101886144050146,0.436812815313493,1.82001221025364,-0.6432030691059,1.61955107903446,2022
"SW18026-9-2",-0.334052931311972,0.436812815313493,-0.41576018989032,0.306015030455069,1.63896194280345,2022
"CL18010-16-2",-0.769992006674089,0.436812815313493,2.05535667342669,0.170412444803502,1.64974575600844,2022
"SW18017-3-2",-0.769992006674089,-0.342730055092126,0.878634357561449,-0.371997897802767,1.65837280657244,2022
"SW18018-8-3",-0.769992006674089,0.0470413801106835,0.525617662801874,-1.0500108260606,1.66915661977743,2022
"SW18045-12-2",-0.334052931311972,0.0470413801106835,1.27087512951653,-2.13483151127314,1.67778367034142,2022
"CL18012-10-3",-0.334052931311972,-0.732501490294935,1.74156405586263,-0.914408240409033,1.7079783473154,2022
"CL18004-2-3",-0.334052931311972,0.826584250516302,0.800186203170432,-1.4568185830153,1.74680007485338,2022
"SW18023-3-2",-0.769992006674089,-1.12227292549774,0.957082511952464,-1.18561341171217,1.74680007485338,2022
"CL18004-10-3",-0.769992006674089,-0.732501490294935,0.604065817192892,-0.507600483454333,1.77699475182736,2022
"CL18012-1-2",-0.334052931311972,-0.732501490294935,1.66311590147161,-0.371997897802767,1.8632652574673,2022
"SW18021-5-2",-0.334052931311972,1.21635568571911,0.839410280365941,-1.18561341171217,1.8632652574673,2022
"CL18009-4-4",-1.20593108203621,-0.342730055092126,1.66311590147161,-2.40603668257627,1.97110338951723,2022
"CL18010-5-2",-0.334052931311972,-0.342730055092126,1.58466774708059,0.0348098591519358,1.97110338951723,2022
"CL18012-16-1",-0.334052931311972,-0.342730055092126,1.31009920671204,-1.4568185830153,1.99051425328622,2022
"SW18027-3-2",-0.769992006674089,2.38566999132754,0.251049122433319,0.577220201758205,1.99051425328622,2022
"CL18012-9-2",0.973764294774381,-1.12227292549774,0.44716950841086,0.306015030455069,2.0207089302602,2022
"SW18024-11-2",-0.769992006674089,0.436812815313493,0.800186203170432,-1.4568185830153,2.07894152156716,2022
"SW18025-1-3",-0.334052931311972,1.99589855612473,0.251049122433319,0.984027958712905,2.07894152156716,2022
"SW18017-8-4",-0.334052931311972,0.436812815313493,1.31009920671204,-0.6432030691059,2.11776324910514,2022
"CL18009-7-2",-0.769992006674089,0.0470413801106835,1.42777143829856,-1.0500108260606,2.43049383204993,2022
"SW18003-5-4",-1.20593108203621,-1.90181579590336,1.70233997866712,-1.32121599736374,3.20477162016843,2022
